Location,Name,Frequency,Duplex,Offset,Tone,rToneFreq,cToneFreq,DtcsCode,DtcsPolarity,RxDtcsCode,CrossMode,Mode,TStep,Skip,Power,Comment,URCALL,RPT1CALL,RPT2CALL,DVCODE
20,PMR0,446,,0.00000,,88.5,88.5,023,NN,023,Tone->Tone,FM,5.0,,4.0W,,,,,
21,PMR1,446.00625,,0.00000,,88.5,88.5,023,NN,023,Tone->Tone,FM,5.0,,4.0W,,,,,
22,PMR2,446.01875,,0.00000,,88.5,88.5,023,NN,023,Tone->Tone,FM,5.0,,4.0W,,,,,
23,PMR3,446.03125,,0.00000,,88.5,88.5,023,NN,023,Tone->Tone,FM,5.0,,4.0W,,,,,
24,PMR4,446.04375,,0.00000,,88.5,88.5,023,NN,023,Tone->Tone,FM,5.0,,4.0W,,,,,
25,PMR5,446.05625,,0.00000,,88.5,88.5,023,NN,023,Tone->Tone,FM,5.0,,4.0W,,,,,
26,PMR6,446.06875,,0.00000,,88.5,88.5,023,NN,023,Tone->Tone,FM,5.0,,4.0W,,,,,
27,PMR7,446.08125,,0.00000,,88.5,88.5,023,NN,023,Tone->Tone,FM,5.0,,4.0W,,,,,
28,PMR8,446.09375,,0.00000,,88.5,88.5,023,NN,023,Tone->Tone,FM,5.0,,4.0W,,,,,
29,PMR9,446.1,,0.00000,,88.5,88.5,023,NN,023,Tone->Tone,FM,5.0,,4.0W,,,,,
31,LPD01,433.075,,0.00000,,88.5,88.5,023,NN,023,Tone->Tone,FM,5.0,,4.0W,,,,,
32,LPD02,433.1,,0.00000,,88.5,88.5,023,NN,023,Tone->Tone,FM,5.0,,4.0W,,,,,
33,LPD03,433.125,,0.00000,,88.5,88.5,023,NN,023,Tone->Tone,FM,5.0,,4.0W,,,,,
34,LPD04,433.15,,0.00000,,88.5,88.5,023,NN,023,Tone->Tone,FM,5.0,,4.0W,,,,,
35,LPD05,433.175,,0.00000,,88.5,88.5,023,NN,023,Tone->Tone,FM,5.0,,4.0W,,,,,
36,LPD06,433.2,,0.00000,,88.5,88.5,023,NN,023,Tone->Tone,FM,5.0,,4.0W,,,,,
37,LPD07,433.225,,0.00000,,88.5,88.5,023,NN,023,Tone->Tone,FM,5.0,,4.0W,,,,,
38,LPD08,433.25,,0.00000,,88.5,88.5,023,NN,023,Tone->Tone,FM,5.0,,4.0W,,,,,
39,LPD09,433.275,,0.00000,,88.5,88.5,023,NN,023,Tone->Tone,FM,5.0,,4.0W,,,,,
40,LPD10,433.3,,0.00000,,88.5,88.5,023,NN,023,Tone->Tone,FM,5.0,,4.0W,,,,,
41,LPD11,433.325,,0.00000,,88.5,88.5,023,NN,023,Tone->Tone,FM,5.0,,4.0W,,,,,
42,LPD12,433.35,,0.00000,,88.5,88.5,023,NN,023,Tone->Tone,FM,5.0,,4.0W,,,,,
43,LPD13,433.375,,0.00000,,88.5,88.5,023,NN,023,Tone->Tone,FM,5.0,,4.0W,,,,,
44,LPD14,433.4,,0.00000,,88.5,88.5,023,NN,023,Tone->Tone,FM,5.0,,4.0W,,,,,
45,LPD15,433.425,,0.00000,,88.5,88.5,023,NN,023,Tone->Tone,FM,5.0,,4.0W,,,,,
46,LPD16-EM,433.45,,0.00000,,88.5,88.5,023,NN,023,Tone->Tone,FM,5.0,,4.0W,,,,,
47,LPD17,433.475,,0.00000,,88.5,88.5,023,NN,023,Tone->Tone,FM,5.0,,4.0W,,,,,
48,LPD18-CL,433.5,,0.00000,,88.5,88.5,023,NN,023,Tone->Tone,FM,5.0,,4.0W,,,,,
49,LPD19,433.525,,0.00000,,88.5,88.5,023,NN,023,Tone->Tone,FM,5.0,,4.0W,,,,,
50,LPD20,433.55,,0.00000,,88.5,88.5,023,NN,023,Tone->Tone,FM,5.0,,4.0W,,,,,
51,LPD21,433.575,,0.00000,,88.5,88.5,023,NN,023,Tone->Tone,FM,5.0,,4.0W,,,,,
52,LPD22,433.6,,0.00000,,88.5,88.5,023,NN,023,Tone->Tone,FM,5.0,,4.0W,,,,,
53,LPD23,433.625,,0.00000,,88.5,88.5,023,NN,023,Tone->Tone,FM,5.0,,4.0W,,,,,
54,LPD24,433.65,,0.00000,,88.5,88.5,023,NN,023,Tone->Tone,FM,5.0,,4.0W,,,,,
55,LPD25,433.675,,0.00000,,88.5,88.5,023,NN,023,Tone->Tone,FM,5.0,,4.0W,,,,,
56,LPD26,433.7,,0.00000,,88.5,88.5,023,NN,023,Tone->Tone,FM,5.0,,4.0W,,,,,
57,LPD27,433.725,,0.00000,,88.5,88.5,023,NN,023,Tone->Tone,FM,5.0,,4.0W,,,,,
58,LPD28,433.75,,0.00000,,88.5,88.5,023,NN,023,Tone->Tone,FM,5.0,,4.0W,,,,,
59,LPD29,433.775,,0.00000,,88.5,88.5,023,NN,023,Tone->Tone,FM,5.0,,4.0W,,,,,
60,LPD30,433.8,,0.00000,,88.5,88.5,023,NN,023,Tone->Tone,FM,5.0,,4.0W,,,,,
61,LPD31,433.825,,0.00000,,88.5,88.5,023,NN,023,Tone->Tone,FM,5.0,,4.0W,,,,,
62,LPD32,433.85,,0.00000,,88.5,88.5,023,NN,023,Tone->Tone,FM,5.0,,4.0W,,,,,
63,LPD33,433.875,,0.00000,,88.5,88.5,023,NN,023,Tone->Tone,FM,5.0,,4.0W,,,,,
64,LPD34,433.9,,0.00000,,88.5,88.5,023,NN,023,Tone->Tone,FM,5.0,,4.0W,,,,,
65,LPD35,433.925,,0.00000,,88.5,88.5,023,NN,023,Tone->Tone,FM,5.0,,4.0W,,,,,
66,LPD36,433.95,,0.00000,,88.5,88.5,023,NN,023,Tone->Tone,FM,5.0,,4.0W,,,,,
67,LPD37,433.975,,0.00000,,88.5,88.5,023,NN,023,Tone->Tone,FM,5.0,,4.0W,,,,,
68,LPD38,434,,0.00000,,88.5,88.5,023,NN,023,Tone->Tone,FM,5.0,,4.0W,,,,,
69,LPD39,434.025,,0.00000,,88.5,88.5,023,NN,023,Tone->Tone,FM,5.0,,4.0W,,,,,
70,LPD40,434.05,,0.00000,,88.5,88.5,023,NN,023,Tone->Tone,FM,5.0,,4.0W,,,,,
71,LPD41,434.075,,0.00000,,88.5,88.5,023,NN,023,Tone->Tone,FM,5.0,,4.0W,,,,,
72,LPD42,434.1,,0.00000,,88.5,88.5,023,NN,023,Tone->Tone,FM,5.0,,4.0W,,,,,
73,LPD43,434.125,,0.00000,,88.5,88.5,023,NN,023,Tone->Tone,FM,5.0,,4.0W,,,,,
74,LPD44,434.15,,0.00000,,88.5,88.5,023,NN,023,Tone->Tone,FM,5.0,,4.0W,,,,,
75,LPD45,434.175,,0.00000,,88.5,88.5,023,NN,023,Tone->Tone,FM,5.0,,4.0W,,,,,
76,LPD46,434.2,,0.00000,,88.5,88.5,023,NN,023,Tone->Tone,FM,5.0,,4.0W,,,,,
77,LPD47,434.225,,0.00000,,88.5,88.5,023,NN,023,Tone->Tone,FM,5.0,,4.0W,,,,,
78,LPD48,434.25,,0.00000,,88.5,88.5,023,NN,023,Tone->Tone,FM,5.0,,4.0W,,,,,
79,LPD49,434.275,,0.00000,,88.5,88.5,023,NN,023,Tone->Tone,FM,5.0,,4.0W,,,,,
80,LPD50,434.3,,0.00000,,88.5,88.5,023,NN,023,Tone->Tone,FM,5.0,,4.0W,,,,,
81,LPD51,434.325,,0.00000,,88.5,88.5,023,NN,023,Tone->Tone,FM,5.0,,4.0W,,,,,
82,LPD52,434.35,,0.00000,,88.5,88.5,023,NN,023,Tone->Tone,FM,5.0,,4.0W,,,,,
83,LPD53,434.375,,0.00000,,88.5,88.5,023,NN,023,Tone->Tone,FM,5.0,,4.0W,,,,,
84,LPD54,434.4,,0.00000,,88.5,88.5,023,NN,023,Tone->Tone,FM,5.0,,4.0W,,,,,
85,LPD55,434.425,,0.00000,,88.5,88.5,023,NN,023,Tone->Tone,FM,5.0,,4.0W,,,,,
86,LPD56,434.45,,0.00000,,88.5,88.5,023,NN,023,Tone->Tone,FM,5.0,,4.0W,,,,,
87,LPD57,434.475,,0.00000,,88.5,88.5,023,NN,023,Tone->Tone,FM,5.0,,4.0W,,,,,
88,LPD58,434.5,,0.00000,,88.5,88.5,023,NN,023,Tone->Tone,FM,5.0,,4.0W,,,,,
89,LPD59,434.525,,0.00000,,88.5,88.5,023,NN,023,Tone->Tone,FM,5.0,,4.0W,,,,,
90,LPD60,434.55,,0.00000,,88.5,88.5,023,NN,023,Tone->Tone,FM,5.0,,4.0W,,,,,
91,RTVS01,462.125,,0,TSQL,69.3,69.3,023,NN,023,Tone->Tone,FM,5.0,,4.0W,,,,,
92,RTVS02,462.225,,0.00000,,88.5,88.5,023,NN,023,Tone->Tone,FM,5.0,,4.0W,,,,,
93,RTVS03,462.325,,0.00000,,88.5,88.5,023,NN,023,Tone->Tone,FM,5.0,,4.0W,,,,,
94,RTVS04,462.425,,0,TSQL,103.5,103.5,023,NN,023,Tone->Tone,FM,5.0,,4.0W,,,,,
95,RTVS05,462.525,,0,TSQL,114.8,114.8,023,NN,023,Tone->Tone,FM,5.0,,4.0W,,,,,
96,RTVS06,462.625,,0,TSQL,127.3,127.3,023,NN,023,Tone->Tone,FM,5.0,,4.0W,,,,,
97,RTVS07,462.725,,0,TSQL,136.5,136.5,023,NN,023,Tone->Tone,FM,5.0,,4.0W,,,,,
98,RTVS08,462.825,,0,TSQL,162.2,162.2,023,NN,023,Tone->Tone,FM,5.0,,4.0W,,,,,
99,RTVS09,462.925,,0,DTCS,88.5,88.5,025,NN,025,DTCS->DTCS,FM,5.0,,4.0W,,,,,
100,RTVS10,463.025,,0,DTCS,88.5,88.5,051,NN,051,DTCS->DTCS,FM,5.0,,4.0W,,,,,
101,RTVS11,463.125,,0,DTCS,88.5,88.5,125,NN,125,DTCS->DTCS,FM,5.0,,4.0W,,,,,
102,RTVS12,463.225,,0,DTCS,88.5,88.5,155,RR,155,DTCS->DTCS,FM,5.0,,4.0W,,,,,
103,RTVS13,463.525,,0,DTCS,88.5,88.5,465,RR,465,DTCS->DTCS,FM,5.0,,4.0W,,,,,
104,RTVS14,450.225,,0,DTCS,88.5,88.5,023,NN,023,DTCS->DTCS,FM,5.0,,4.0W,,,,,
105,RTVS15,460.325,,0.00000,,88.5,88.5,023,NN,023,Tone->Tone,FM,5.0,,4.0W,,,,,
106,RTVS16,469.95,,0,TSQL,203.5,203.5,023,NN,023,Tone->Tone,FM,5.0,,4.0W,,,,,